Name,Type,City,District,Ownership
Government Degree College,Government Degree College,Adilabad,Adilabad,Government
Kakatiya Institute of Technology & Science,Engineering College,Adilabad,Adilabad,Private Unaided
Nishitha College of Engineering and Technology,Engineering College,Narsapur (Gudihathnoor),Adilabad,Private Unaided
Jayamukhi Institute of Technological Sciences,Engineering College,Narsampet,Adilabad,Private Unaided
Sai Spurthi Institute of Technology,Engineering College,Banswada,Adilabad,Private Unaided
Sree Chaitanya Institute of Technological Sciences,Engineering College,Karimnagar,Adilabad,Private Unaided
T.R.R. College of Engineering,Engineering College,Inole,Adilabad,Private Unaided
Vaagdevi College of Engineering,Engineering College,Jawaharnagar (Bollikunta),Adilabad,Private Unaided
Vaagdevi Institute of Technology and Science,Engineering College,Jawaharnagar (Bollikunta),Adilabad,Private Unaided
Kakatiya Institute of Pharmaceutical Sciences,Pharmacy College,Sangam,Adilabad,Private Unaided
Jyothishmathi Institute of Pharmaceutical Sciences,Pharmacy College,Thimmapur (Karimnagar),Adilabad,Private Unaided
Sri Rajiv Gandhi College of Pharmacy,Pharmacy College,Kapurambheem,Adilabad,Private Unaided
Chaitanya Pharmacy College,Pharmacy College,Warangal,Adilabad,Private Unaided
Bhojreddy College of Pharmacy,Pharmacy College,,Adilabad,Private Unaided
Pratishta Institute of Pharmaceutical Sciences,Pharmacy College,,Adilabad,Private Unaided
RBVRR Women's College of Pharmacy,Pharmacy College,,Adilabad,Private Unaided
Vaagdevi Institute of Management & Information Technology,Management College,Jawaharnagar (Bollikunta),Adilabad,Private Unaided
Chaitanya Institute of Management & Technology,Management College,Warangal,Adilabad,Private Unaided
S.R. Degree College,Degree College,Adilabad,Adilabad,Private Unaided
Jyothishmathi College of Engineering and Science,Science & Technology College,,Adilabad,Private Unaided
Jyothishmathi Institute of Technology & Science,Technical Institute,,Adilabad,Private Unaided
Vaagdevi College of Arts Science & Commerce,Multi-Disciplinary College,,Adilabad,Private Unaided
Sri Satya Sai Degree College,Degree College,,Adilabad,Private Unaided
Smt. Sarojini Devi Women's Degree College,Womens Degree College,,Adilabad,Private Unaided
SVS Degree College,Degree College,,Adilabad,Private Unaided
Saraswathi Degree College,Degree College,,Adilabad,Private Unaided
Adilabad B.Ed. College,B.Ed College,Adilabad,Adilabad,Private Unaided
Kaloji Narayana Rao B.Ed. College,B.Ed College,,Adilabad,Private Unaided
Sai Padma B.Ed. College,B.Ed College,,Adilabad,Private Unaided
Siddhartha B.Ed. College,B.Ed College,,Adilabad,Private Unaided
Government ITI (ITI Adilabad),Government ITI,Adilabad,Adilabad,Government
Vivekananda ITI,Private ITI,,Adilabad,Private Unaided
Sri Chaitanya ITI,Private ITI,,Adilabad,Private Unaided
Kakatiya Law College,Law College,,Adilabad,Private Unaided
Government Degree College (Autonomous),Government Degree College,Bhadrachalam,Bhadradri Kothagudem,Government
Government Degree College (Autonomous),Government Degree College,Paloncha,Bhadradri Kothagudem,Government
Government Degree College,Government Degree College,Aswarapet,Bhadradri Kothagudem,Government
Government Degree College,Government Degree College,Manuguru,Bhadradri Kothagudem,Government
Government Degree College,Government Degree College,Yellandu,Bhadradri Kothagudem,Government
SR Government Arts & Science College,Government Degree College,Kothagudem,Bhadradri Kothagudem,Government
TSWRDCW (Telangana Social Welfare Residential Degree College for Women),Residential Degree College,Kothagudem,Bhadradri Kothagudem,Government Social Welfare
TTWRDC (Telangana Tribal Welfare Residential Degree College),Residential Degree College Boys,Manuguru,Bhadradri Kothagudem,Government Tribal Welfare
TTWRDC (Telangana Tribal Welfare Residential Degree College),Residential Degree College Girls,Dammapeta Ankampalem,Bhadradri Kothagudem,Government Tribal Welfare
TTWRDC (Telangana Tribal Welfare Residential Degree College),Residential Degree College Girls,Kothagudem,Bhadradri Kothagudem,Government Tribal Welfare
MJPTCBW Residential Degree College,Residential Degree College Men,Kothagudem,Bhadradri Kothagudem,Government TBCW
Singareni Collieries Womens Degree College,Private Aided Degree College,Kothagudem,Bhadradri Kothagudem,Private Aided
K U College of Engineering,Engineering College,Kothagudem,Bhadradri Kothagudem,University College
Anu Bose Institute of Technology,Engineering College,Bhadradri Kothagudem,Bhadradri Kothagudem,Private Unaided
Abdul Kalam Institute of Technological Sciences,Engineering College,Bhadradri Kothagudem,Bhadradri Kothagudem,Private Unaided
K.L.R. College of Engineering and Technology,Engineering College,Bhadradri Kothagudem,Bhadradri Kothagudem,Private Unaided
Dhanvanthari Institute of Pharmaceutical Sciences,Pharmacy College,Bhadradri Kothagudem,Bhadradri Kothagudem,Private Unaided
Government Medical College,Medical College,Bhadradri Kothagudem,Bhadradri Kothagudem,Government
Government College of Nursing,Nursing College,Kothagudem,Bhadradri Kothagudem,Government
Maruthi College of Nursing,Nursing College,Bhadradri Kothagudem,Bhadradri Kothagudem,Private Unaided
Maruthi Paramedical Academy,Paramedical College,Bhadradri Kothagudem,Bhadradri Kothagudem,Private Unaided
KLR College of Physiotherapy,Physiotherapy College,Bhadradri Kothagudem,Bhadradri Kothagudem,Private Unaided
Triveni Degree College,Degree College,Bhadrachalam,Bhadradri Kothagudem,Private Unaided
Mother Theresa Degree College,Degree College,Bhadrachalam,Bhadradri Kothagudem,Private Unaided
Surya Degree College,Degree College,Chandrugonda,Bhadradri Kothagudem,Private Unaided
Priyadarshini Degree & PG College,Degree College,Kothagudem,Bhadradri Kothagudem,Private Unaided
Sri Maanvitha Degree College,Degree College,Laxmidevipally Kothagudem,Bhadradri Kothagudem,Private Unaided
Krishnaveni Saahiti Degree College,Degree College,Lakshmidevipally Kothagudem,Bhadradri Kothagudem,Private Unaided
National Degree & PG College,Degree College,Paloncha,Bhadradri Kothagudem,Private Unaided
KLR Degree College,Degree College,Paloncha,Bhadradri Kothagudem,Private Unaided
Saahithi Degree College of Science & Arts,Degree College,Yellandu,Bhadradri Kothagudem,Private Unaided
Sri Chaithanya Degree College,Degree College,Yellandu,Bhadradri Kothagudem,Private Unaided
Gowthami Degree College,Degree College,Charla,Bhadradri Kothagudem,Private Unaided
S.R.R.V.R.K.R. Degree College,Degree College,Venkatapuram,Bhadradri Kothagudem,Private Unaided
DVK Degree College,Degree College,Aswaraopeta,Bhadradri Kothagudem,Private Unaided
Kakatiya Government College Autonomous,Government Degree College,Hanamkonda,Hanamkonda,Government
Pingle Government College for Women Autonomous,Government Degree College Women,Waddepally Hanamkonda,Hanamkonda,Government
Government Degree College,Government Degree College,Parkal,Hanamkonda,Government
TSWDRCW Telangana Social Welfare Residential Degree College for Women,Residential Degree College,Warangal East,Hanamkonda,Government Social Welfare
University Arts & Science College,University Degree College,Subedari Hanamkonda,Hanamkonda,University
Kakatiya Institute of Technology and Science,Engineering College,Hasanparthy,Hanamkonda,Private Unaided
Chaitanya Deemed to be University,Deemed University,Kishanpura Hanamkonda,Hanamkonda,Deemed
Chaitanya Institute of Technology and Science,Engineering College,Kishanpura Hanamkonda,Hanamkonda,Private Unaided
Chaitanya Postgraduate College Autonomous,Postgraduate College,Kishanpura Hanamkonda,Hanamkonda,Private Unaided
Chaitanya Degree College Autonomous,Degree College,Kishanpura Hanamkonda,Hanamkonda,Private Unaided
Islamia Arts and Science College,Degree College,Warangal,Hanamkonda,Private Aided
Lal Bahadur College,Degree College,Warangal,Hanamkonda,Private Aided
JMJ Degree College for Women,Degree College Women,Karunapuram Peddapendial,Hanamkonda,Private Unaided
JMJ Degree & PG College,Degree & PG College,Peddapendial,Hanamkonda,Private Unaided
Kakatiya Mahila Degree College,Degree College Women,Nakkalagutta Hanamkonda,Hanamkonda,Private Unaided
Masterji Degree & PG College,Degree & PG College,Hunter Road Hanamkonda,Hanamkonda,Private Unaided
New Science Degree & PG College,Degree & PG College,Hunter Road Hanamkonda,Hanamkonda,Private Unaided
New Science Degree College,Degree College,Hanamkonda,Hanamkonda,Private Unaided
SN Degree College,Degree College,Nakkalagutta Hanamkonda,Hanamkonda,Private Unaided
SR Degree & PG College,Degree & PG College,Balasamudram Hanamkonda,Hanamkonda,Private Unaided
SVS Degree & PG College,Degree & PG College,Ramaram Hanamkonda,Hanamkonda,Private Unaided
SVS PG College,PG College,Ramaram Hanamkonda,Hanamkonda,Private Unaided
Sri Arunodaya Degree & PG College,Degree & PG College,Bheemaram,Hanamkonda,Private Unaided
Sri Gayathri Degree College,Degree College,Ramnagar Hanamkonda,Hanamkonda,Private Unaided
Bhargavi Degree & PG College,Degree & PG College,Kishanpura Hanamkonda,Hanamkonda,Private Unaided
Vaagdevi Degree & PG College,Degree & PG College,Ramnagar Hanamkonda,Hanamkonda,Private Unaided
RD Women's Degree College,Degree College Women,Kishanpura Hanamkonda,Hanamkonda,Private Unaided
Aurora Degree College,Degree College,Vidyaranyapuri Hanamkonda,Hanamkonda,Private Unaided
Goutham Degree College,Degree College,Subedari Hanamkonda,Hanamkonda,Private Unaided
Gitanjali Degree College for Women,Degree College Women,Naimnagar Hanamkonda,Hanamkonda,Private Unaided
Shaarvani Degree College,Degree College,Kishanpura Hanamkonda,Hanamkonda,Private Unaided
Jaya Degree College,Degree College,Nakkalagutta Hanamkonda,Hanamkonda,Private Unaided
SVS Junior College Boys,Junior College,Hanamkonda,Hanamkonda,Private Unaided
SVS Junior College for Girls,Junior College Women,Hanamkonda,Hanamkonda,Private Unaided
Kakatiya Junior College Girls,Junior College Women,Hanamkonda,Hanamkonda,Private Unaided
Ekashila Junior College,Junior College,Hanumam Nagar Hanamkonda,Hanamkonda,Private Unaided
Sri Balaji Junior College,Junior College,Hanamkonda,Hanamkonda,Private Unaided
Vikash Junior College,Junior College,Hanamkonda,Hanamkonda,Private Unaided
CV Raman Junior College,Junior College,Hanamkonda,Hanamkonda,Private Unaided
Vignan Junior College,Junior College,Hanamkonda,Hanamkonda,Private Unaided
Trishool Junior College,Junior College,Hanamkonda,Hanamkonda,Private Unaided
Vagdevi Junior College,Junior College,Nakkalagutta,Hanamkonda,Private Unaided
Shivani Junior College,Junior College,Hanamkonda,Hanamkonda,Private Unaided
Sumathidevi Junior College for Girls,Junior College Women,Waddepally Hanamkonda,Hanamkonda,Private Unaided
Jai Bharathi Junior College,Junior College,Nakkalagutta Hanamkonda,Hanamkonda,Private Unaided
Shanthi Niketan Junior College,Junior College,Hanamkonda,Hanamkonda,Private Unaided
Sadhan Junior College,Junior College,Bheemaram Hanamkonda,Hanamkonda,Private Unaided
Hindu Junior College,Junior College,Excise Colony Hanamkonda,Hanamkonda,Private Unaided
Sri Vikas Junior College,Junior College,Vijaya Talkies Road Hanamkonda,Hanamkonda,Private Unaided
Manjeera Junior College,Junior College,Hanamkonda,Hanamkonda,Private Unaided
Sir CV Raman Junior College,Junior College,Pochamma Maidan Warangal,Hanamkonda,Private Unaided
Sneha Junior College,Junior College,Hanamkonda,Hanamkonda,Private Unaided
Padmavathi Degree College for Women,Degree College Women,LB Nagar Warangal,Hanamkonda,Private Unaided
Padmavathi Junior College Women,Junior College Women,Warangal,Hanamkonda,Private Unaided
ASM College for Women,Degree College Women,Warangal,Hanamkonda,Private Aided
Sri Visweswara Sanskrita Andhra Degree Oriental & PG College,Degree & PG College,Warangal,Hanamkonda,Private Aided
Akarapu Sharath Chandrika Devi Memorial Degree & PG College for Women,Degree & PG College Women,Warangal,Hanamkonda,Private Unaided
AVV Degree College,Degree College,Warangal,Hanamkonda,Private Unaided
CKM Arts & Science College,Degree College,Desaipet Warangal,Hanamkonda,Private Unaided
Padishala Veerabhadraiah Memorial Degree College for Women,Degree College Women,Warangal,Hanamkonda,Private Unaided
Kanishka Womens Degree College,Degree College Women,Bheemaram Hanamkonda,Hanamkonda,Private Unaided
Mathru Sri Degree College for Women,Degree College Women,Bheemaram Hanamkonda,Hanamkonda,Private Unaided
Keshava Degree College for Women,Degree College Women,Bheemaram Hanamkonda,Hanamkonda,Private Unaided
Shivani Degree College,Degree College,Bheemaram Hanamkonda,Hanamkonda,Private Unaided
Sri Chaitanya Womens Degree College,Degree College Women,Bheemaram Hanamkonda,Hanamkonda,Private Unaided
Goutham Degree & PG College,Degree & PG College,Kishanpura Hanamkonda,Hanamkonda,Private Unaided
Chaitanya P.G. College Autonomous,PG College,Kishanpura Hanamkonda,Hanamkonda,Private Unaided
SVS Polytechnic,Polytechnic College,Hanamkonda,Hanamkonda,Private Unaided
St. Peter's College of Education,B.Ed College,Hanamkonda,Hanamkonda,Private Unaided
Siddhartha Degree College,Degree College,Narsampet,Hanamkonda,Private Unaided
Siddartha Junior College,Junior College,Narsampet,Hanamkonda,Private Unaided
Acharya Degree College,Degree College,Dwarakapet Road Narsampet,Hanamkonda,Private Unaided
KS Mahila Degree College,Degree College Women,Narsampet,Hanamkonda,Private Unaided
SV Degree College,Degree College,Parkal,Hanamkonda,Private Unaided
Dr. MR Reddy Degree College,Degree College,Parkal,Hanamkonda,Private Unaided
Ganapathy Degree College,Degree College,Parkal,Hanamkonda,Private Unaided
Maharshi Degree College,Degree College,Mulugu,Hanamkonda,Private Unaided
Maharshi Degree College,Degree College,Palakurthy,Hanamkonda,Private Unaided
Maharshi Degree College,Degree College,Kesamudram,Hanamkonda,Private Unaided
Nalanda Degree College,Degree College,Mulugu,Hanamkonda,Private Unaided
Sri Chaitanya Degree College,Degree College,Cherial,Hanamkonda,Private Unaided
SRK Degree College,Degree College,Cherial,Hanamkonda,Private Unaided
Nethaji Degree College,Degree College,Cherial,Hanamkonda,Private Unaided
Government Degree College,Degree College,Cherial,Hanamkonda,Government
Sindhuja Degree College,Degree College,Narmetta,Hanamkonda,Private Unaided
Gayatri Degree College,Degree College,Pasra Govindaraopet Mulugu,Hanamkonda,Private Unaided
Bishop Azraiah Degree College,Degree College,Dornakal,Hanamkonda,Private Unaided
SS Degree College,Degree College,Geesugonda Dharmaram,Hanamkonda,Private Unaided
RRM Degree College,Degree College,Jangaon,Hanamkonda,Private Unaided
ABV Degree College,Degree College,Jangaon,Hanamkonda,Private Unaided
Ekashila Degree College,Degree College,Jangaon,Hanamkonda,Private Unaided
Sri Vidya Degree College,Degree College,Jangaon,Hanamkonda,Private Unaided
Sri Aurobindo Degree College,Degree College,Jangaon,Hanamkonda,Private Unaided
Sahithi Degree College,Degree College,Jangaon,Hanamkonda,Private Unaided
MJPTCWDR Degree College Women,Residential Degree College Women,Station Ghanpur,Hanamkonda,Government TBCW
Vidya Jyothi Degree & PG College,Degree & PG College,Station Ghanpur,Hanamkonda,Private Unaided
TTWRDC Telangana Tribal Welfare Residential Degree College,Residential Degree College,Jangaon,Hanamkonda,Government Tribal Welfare
Kakatiya University,State University,Vidyaranyapuri Hanamkonda,Hanamkonda,Government State University
Satavahana University,State University,Jyothinagar Karimnagar,Karimnagar,Government State University
Jawaharlal Nehru Technological University Hyderabad JNTUH,State Technical University,Kukatpally Hyderabad,Hyderabad,Government State University
Osmania University,State University,Amberpet Hyderabad,Hyderabad,Government State University
Dr. B.R. Ambedkar Open University,Open University,Jubilee Hills Hyderabad,Hyderabad,Government State University
Palamuru University,State University,Bandameedipally Mahabubnagar,Mahabubnagar,Government State University
Mahatma Gandhi University,State University,Yella Reddy Gudem Nalgonda,Nalgonda,Government State University
Telangana University,State University,Dichpally Nizamabad,Nizamabad,Government State University
Potti Sreeramulu Telugu University,State University,Lalitakala Kshetram Hyderabad,Hyderabad,Government State University
Jawaharlal Nehru Architecture and Fine Arts University,State University,Masab Tank Hyderabad,Hyderabad,Government State University
University of Hyderabad UoH,Central University,Gachibowli Hyderabad,Hyderabad,Government Central University
Maulana Azad National Urdu University MANUU,Central University,Gachibowli Hyderabad,Hyderabad,Government Central University
English and Foreign Languages University EFLU,Central University,OU Campus Hyderabad,Hyderabad,Government Central University
Kaloji Narayana Rao University of Health Sciences KNRUHS,State Health Sciences University,Warangal,Warangal Urban,Government State University
NALSAR University of Law,State Law University,Shamirpet Hyderabad,Rangareddy,Government State University
Professor Jayashankar Telangana State Agricultural University PJTSAU,State Agricultural University,Rajendranagar Hyderabad,Rangareddy,Government State University
Sri Konda Laxman Telangana State Horticultural University SKLTSHU,State Horticultural University,Hyderabad,Hyderabad,Government State University
Sri P.V. Narsimha Rao Telangana State Veterinary University PVNRTSVU,State Veterinary University,Hyderabad,Hyderabad,Government State University
Rajiv Gandhi University of Knowledge Technologies RGUKT,State University,Basar Nirmal,Nirmal,Government State University
International Institute of Information Technology Hyderabad IIITH,Deemed University,Gachibowli Hyderabad,Hyderabad,Deemed
ICFAI Foundation for Higher Education IFHE,Deemed University,Donthanpally Sankarpalli Road,Rangareddy,Deemed
Indian Institute of Technology Hyderabad IITH,Institute of National Importance,Kandi Sangareddy,Sangareddy,Government INI
National Institute of Technology Warangal NITW,Institute of National Importance,Warangal,Warangal Urban,Government INI
National Institute of Fashion Technology Hyderabad NIFTH,Institute of National Importance,Madhapur Hyderabad,Hyderabad,Government INI
Mahindra University,Private University,Bahadurpally Hyderabad,Hyderabad,Private
Woxsen University,Private University,Kandlakoya Hyderabad,Hyderabad,Private
Anurag University,Private University,Venkatapur Hyderabad,Rangareddy,Private
Malla Reddy University,Private University,Maisammaguda Hyderabad,Medchal Malkajgiri,Private
SR University,Private University,Warangal,Warangal Urban,Private
Chaitanya University,Private University,Kishanpura Hanamkonda,Hanamkonda,Private
Sreenidhi University,Private University,Ghatkesar Hyderabad,Rangareddy,Private
Nizam's Institute of Medical Sciences NIMS,State Medical Institute,Punjagutta Hyderabad,Hyderabad,Government State Medical
Acharya N.G. Ranga Agricultural University,State Agricultural University,Rajendranagar Hyderabad,Rangareddy,Government State Agricultural
Veeranari Chakali Ilamma Women's University,State University,Not Specified,Telangana,Government State University
Dr. Manmohan Singh Earth Sciences University,State University,Not Specified,Telangana,Government State University
Kaveri University,Private University,Not Specified,Telangana,Private
Vignan's Foundation for Science Technology & Research VFSTR,Private University,Guntur Vadlamudi,Andhra Pradesh Serves Telangana,Private
Aurora Higher Education & Research Academy,Deemed University,Hyderabad,Hyderabad,Deemed
St. Anns College for Women,Government Aided Degree College (Women),Hyderabad,Hyderabad,Government Aided
University College of Arts & Social Sciences,University Constituent College,Osmania University Campus,Hyderabad,University
University College of Commerce & Business Management,University Constituent College,Osmania University Campus,Hyderabad,University
University College of Science,University Constituent College,Osmania University Campus,Hyderabad,University
University College of Law,University Constituent College,Osmania University Campus,Hyderabad,University
University College of Engineering (UCE) Osmania University,University Engineering College,Osmania University Campus,Hyderabad,University
P. G. College of Law,University Constituent College,Basheerbagh,Hyderabad,University
Chaitanya Bharathi Institute of Technology (CBIT),Engineering College,Gandipet,Hyderabad,Private Unaided
Muffakham Jah College of Engineering and Technology,Engineering College,Banjara Hills,Hyderabad,Private Unaided
Vasavi College of Engineering,Engineering College,Ibrahimbagh,Hyderabad,Private Unaided
Maturi Venkata Subba Rao Engineering College (MVSR),Engineering College,Nadergul,Hyderabad,Private Unaided
Methodist College of Engineering and Technology,Engineering College,Abids,Hyderabad,Private Unaided
St. Martin's Engineering College,Engineering College,Dhulapally,Hyderabad,Private Unaided
Gokaraju Rangaraju Institute of Engineering and Technology (GRIET),Engineering College,Bachupally,Hyderabad,Private Unaided
CMR College of Engineering & Technology,Engineering College,Kondlakoya,Hyderabad,Private Unaided
Malla Reddy Engineering College (Autonomous),Engineering College,Maisammaguda,Hyderabad,Private Unaided
VNR Vignana Jyothi Institute of Engineering and Technology,Engineering College,Nizampet,Hyderabad,Private Unaided
Vignana Bharathi Institute of Technology (VBIT),Engineering College,Ghatkesar,Hyderabad,Private Unaided
Mahatma Gandhi Institute of Technology (MGIT),Engineering College,Gandipet,Hyderabad,Private Unaided
Guru Nanak Institutions Technical Campus,Engineering College,Ibrahimpatnam,Hyderabad,Private Unaided
Sphoorthy Engineering College,Engineering College,Nadergul,Hyderabad,Private Unaided
Aurora's Technological & Research Institute,Engineering College,Bandlaguda,Hyderabad,Private Unaided
CVR College of Engineering,Engineering College,Ibrahimpatnam,Hyderabad,Private Unaided
Sreenidhi Institute of Science and Technology,Engineering College,Yamnampet,Hyderabad,Private Unaided
K G Reddy College of Engineering and Technology,Engineering College,Moinabad,Hyderabad,Private Unaided
Hyderabad Institute of Technology and Management (HITAM),Engineering College,Gowdavelli,Hyderabad,Private Unaided
Avanthi Institute of Engineering & Technology,Engineering College,Cherlapally,Hyderabad,Private Unaided
B.V. Raju Institute of Technology (BVRIT),Engineering College,Narsapur,Hyderabad,Private Unaided
Sri Indu College of Engineering & Technology,Engineering College,Sheriguda,Hyderabad,Private Unaided
ACE Engineering College,Engineering College,Ghatkesar,Hyderabad,Private Unaided
Sree Dattha Institute of Engineering and Science,Engineering College,Sheriguda,Hyderabad,Private Unaided
Khader Memorial College of Engineering & Technology,Engineering College,Hyderabad,Hyderabad,Private Unaided
Ganapathy Engineering College,Engineering College,Hyderabad,Hyderabad,Private Unaided
Bharat Institute of Engineering and Technology,Engineering College,Mangalpally,Hyderabad,Private Unaided
MLR Institute of Technology,Engineering College,Dundigal,Hyderabad,Private Unaided
Anurag Engineering College,Engineering College,Ananthagiri,Hyderabad,Private Unaided
Sridevi Women's Engineering College,Engineering College (Women),Gopanpally,Hyderabad,Private Unaided
Nalla Narasimha Reddy Education Society's Group of Institutions,Engineering College,Chowdariguda,Hyderabad,Private Unaided
Chilkur Balaji College of Pharmacy,Pharmacy College,Hyderabad,Hyderabad,Private Unaided
Sri Venkateshwara College of Pharmacy,Pharmacy College,Hyderabad,Hyderabad,Private Unaided
St. Mary's College of Pharmacy,Pharmacy College,Hyderabad,Hyderabad,Private Unaided
Global College of Pharmacy,Pharmacy College,Hyderabad,Hyderabad,Private Unaided
Sri Ramachandra College of Pharmacy,Pharmacy College,Hyderabad,Hyderabad,Private Unaided
Osmania Medical College,Medical College,Koti,Hyderabad,Government
Gandhi Medical College,Medical College,Secunderabad,Hyderabad,Government
Government Medical College,Medical College,Siddipet,Hyderabad,Government
Shadan Institute of Medical Sciences,Medical College,Hyderabad,Hyderabad,Private Unaided
Apollo Institute of Medical Sciences and Research,Medical College,Hyderabad,Hyderabad,Private Unaided
Government College of Nursing,Government Nursing College,Hyderabad,Hyderabad,Government
St. Francis College for Women,Degree College (Women),Hyderabad,Hyderabad,Private Unaided
St. Mary's Degree College,Degree College,Hyderabad,Hyderabad,Private Unaided
St. Joseph's Degree College,LLP College,Hyderabad,Hyderabad,Private Unaided
Badruka College of Commerce,Degree College,Hyderabad,Hyderabad,Private Unaided
A.V. College of Arts Science Commerce,Degree College,Hyderabad,Hyderabad,Private Unaided
Government Polytechnic,Polytechnic College,Hyderabad,Hyderabad,Government
Institute of Hotel Management Catering Technology & Applied Nutrition (IHM),Hotel Management College,Hyderabad,Hyderabad,Government
Osmania University College of Law,Law College,Hyderabad,Hyderabad,University
Sultan-ul-Uloom College of Law,Law College,Hyderabad,Hyderabad,Private Unaided
IBS Business School,Management College,Hyderabad,Hyderabad,Private Unaided
Forest College & Research Institute (FCRI),Specialized College,Hyderabad,Hyderabad,Government
Faculty of Anthropology University of Hyderabad,Specialized College,Gachibowli,Hyderabad,University
Niraj College of Hotel Management and Catering Technology,Hotel Management College,Hyderabad,Hyderabad,Private Unaided
Government Degree College,Government Degree College,Jagtial,Jagtial,Government
Jagtial College of Engineering and Technology,Engineering College,Jagtial,Jagtial,Private Unaided
Sri Chaitanya Degree College,Degree College,Jagtial,Jagtial,Private Unaided
Sri Saraswathi Degree College,Degree College,Jagtial,Jagtial,Private Unaided
Government Degree College,Government Degree College,Jangaon,Jangaon,Government
ABV Government Degree College,Government Degree College,Jangaon,Jangaon,Government
SRK Degree College,Degree College,Jangaon,Jangaon,Private Unaided
TTWRDC (Telangana Tribal Welfare Residential Degree College),Residential Degree College,Jangaon,Jangaon,Government Tribal Welfare
Government Degree College,Government Degree College,Bhupalpally,Jayashankar Bhupalpally,Government
Government Degree College,Government Degree College,Mahadevpur,Jayashankar Bhupalpally,Government
Tribal Welfare Degree College,Residential Degree College,Kataram,Jayashankar Bhupalpally,Government Tribal Welfare
Jayashankar Degree College,Degree College,Bhupalpally,Jayashankar Bhupalpally,Private Unaided
Sri Rama Degree College,Degree College,Bhupalpally,Jayashankar Bhupalpally,Private Unaided
Government Degree College (HLC),Government Degree College,Gadwal,Jogulamba Gadwal,Government
Government Degree College,Government Degree College,Santhinagar,Jogulamba Gadwal,Government
MALD Government Degree College (Autonomous),Government Degree College,Gadwal,Jogulamba Gadwal,Government
KSR Degree College,Degree College,Gadwal,Jogulamba Gadwal,Private Unaided
Sri Chaitanya Degree College,Degree College,Gadwal,Jogulamba Gadwal,Private Unaided
Sri Sai Degree College,Degree College,Gadwal,Jogulamba Gadwal,Private Unaided
Government Polytechnic,Polytechnic College,Gadwal,Jogulamba Gadwal,Government
GDC (Autonomous) Bichukunda,Government Degree College,Bichukunda,Kamareddy,Government
GDC (Arts & Science) (Autonomous) Kamareddy,Government Degree College,Kamareddy,Kamareddy,Government
S.R.N.K. GDC (Autonomous) Banswada,Government Degree College,Banswada,Kamareddy,Government
Govt. Arts & Science College,Government Degree College,Kamareddy,Kamareddy,Government
Govt. Degree College,Government Degree College,Bodhan,Kamareddy,Government
Govt. Degree College,Government Degree College,Yellareddy,Kamareddy,Government
Govt. Degree College,Government Degree College,Bichkunda,Kamareddy,Government
Vasistha Degree & PG College,Degree College,Kamareddy,Kamareddy,Private Unaided
R.K. College of Arts, Commerce and Science,Degree College,Kamareddy,Kamareddy,Private Unaided
SV Degree College,Degree College,Pitlam,Kamareddy,Private Unaided
Rama Krishna Degree & PG College,Degree College,Kamareddy,Kamareddy,Private Unaided
Sri Ramakrishna Degree College,Degree College,Kamareddy,Kamareddy,Private Unaided
Sandeepani Degree College,Degree College,Kamareddy,Kamareddy,Private Unaided
Manjeera Degree College,Degree College,Kamareddy,Kamareddy,Private Unaided
SRK Commerce & Science College,Degree College,Kamareddy,Kamareddy,Private Unaided
PJR'S Spoorthy Degree College,Degree College,Kamareddy,Kamareddy,Private Unaided
Vijnana Bharathi Degree College,Degree College,Kamareddy,Kamareddy,Private Unaided
Karshak B.Ed College,B.Ed College,Kamareddy,Kamareddy,Private Unaided
SRR GDC (Autonomous) Karimnagar,Government Degree College,Karimnagar,Karimnagar,Government
GDC Women (Autonomous) Karimnagar,Government Degree College (Women),Karimnagar,Karimnagar,Government
Govt. Degree College for Women,Government Degree College (Women),Karimnagar,Karimnagar,Government
Govt. Degree College,Government Degree College,Mahadevapura,Karimnagar,Government
Govt. Degree College,Government Degree College,Husnabad,Karimnagar,Government
Govt. Degree College,Government Degree College,Metpally,Karimnagar,Government
Govt. Degree College,Government Degree College,Choppadandi,Karimnagar,Government
Vivekananda Institute of Technology & Science,Engineering College,Karimnagar,Karimnagar,Private Unaided
Jyothishmathi Institute of Technology and Science,Engineering College,Nustulapur,Karimnagar,Private Unaided
Sree Chaitanya College of Engineering,Engineering College,Karimnagar,Karimnagar,Private Unaided
JNTUH College Of Engineering,Engineering College,Karimnagar,Karimnagar,University
Kamala Institute of Technology & Science,Engineering College,Karimnagar,Karimnagar,Private Unaided
Vaageswari Engineering College,Engineering College,Karimnagar,Karimnagar,Private Unaided
Vaageswari College of Pharmacy,Pharmacy College,Karimnagar,Karimnagar,Private Unaided
SRR College of Pharmaceutical Sciences,Pharmacy College,Karimnagar,Karimnagar,Private Unaided
Vaageswari Institute of Management Sciences,Management College,Karimnagar,Karimnagar,Private Unaided
Kakatiya Institute of Management Studies,Management College,Karimnagar,Karimnagar,Private Unaided
Sri Chaitanya Degree and PG College,Degree College,Karimnagar,Karimnagar,Private Unaided
Maharshi Degree College,Degree College,Godavarikhani,Karimnagar,Private Unaided
Vanisri Degree College,Degree College,Karimnagar,Karimnagar,Private Unaided
Alphores Womens Degree & PG College,Degree College (Women),Karimnagar,Karimnagar,Private Unaided
Sri Chaitanya Degree College,Degree College,Godavarikhani,Karimnagar,Private Unaided
SRM Degree & PG College,Degree College,Karimnagar,Karimnagar,Private Unaided
University PG College,University PG College,Godavarikhani,Karimnagar,University
Sree Chaitanya College & PG College,Degree & PG College,Karimnagar,Karimnagar,Private Unaided
SRM PG College,PG College,Chintakunta,Karimnagar,Private Unaided
Vikas Degree College,Degree College,Rathnapur,Karimnagar,Private Unaided
Shivani Degree & PG College,Degree & PG College,Karimnagar,Karimnagar,Private Unaided
Vidyalatha Degree College Of Commerce And Business Management,Degree College,Karimnagar,Karimnagar,Private Unaided
A K Vishwantha Reddy Degree College,Degree College,Mulkanoor,Karimnagar,Private Unaided
Vikas Degree College,Degree College,Sidhulawada,Karimnagar,Private Unaided
Gnanodaya Degree College,Degree College,Metpally,Karimnagar,Private Unaided
Ramakrishna Degree College,Degree College,Jagtial,Karimnagar,Private Unaided
Aurobindo Degree College,Degree College,Godavarikhani,Karimnagar,Private Unaided
Chanakya Degree College,Degree College,Jammikunta,Karimnagar,Private Unaided
Rashmidhar Teja Degree College,Degree College,Korutla,Karimnagar,Private Unaided
Gayatri Degree College,Degree College,Peddapalli,Karimnagar,Private Unaided
Gandhi Memorial Mahila Degree College,Degree College (Women),Godavarikhani,Karimnagar,Private Unaided
AK Vishwanatha Reddy Degree College,Degree College,Karimnagar,Karimnagar,Private Unaided
Vivekananda Degree College,Degree College,Husnabad,Karimnagar,Private Unaided
Narendra Degree College,Degree College,Metpally,Karimnagar,Private Unaided
Nalanda Degree College,Degree College,Jagtial,Karimnagar,Private Unaided
Sreenidhi Degree College,Degree College,Kurikyala,Karimnagar,Private Unaided
Kakatiya Degree College,Degree College,Jammikunta,Karimnagar,Private Unaided
Gayathri Degree College,Degree College,Jammikunta,Karimnagar,Private Unaided
Sri Vidya Jyothi Degree College,Degree College,Jagityal,Karimnagar,Private Unaided
Vodithala Srinivasa Rao Degree College,Degree College,Singapur,Karimnagar,Private Unaided
Vagdevi Degree College,Degree College,Vemulawada,Karimnagar,Private Unaided
Gnanodaya Degree College,Degree College,Raikal,Karimnagar,Private Unaided
Sri Mitra Degree College,Degree College,Mustabad,Karimnagar,Private Unaided
Navodaya Arts And Science Degree College,Degree College,Dharmapuri,Karimnagar,Private Unaided
SR & BGNR Government Arts & Science College (Autonomous),Government Degree College,Khammam,Khammam,Government
Govt. Degree College,Government Degree College,Nelakondapally,Khammam,Government
J.V.R. Government College (Autonomous),Government Degree College,Sathupally,Khammam,Government
Swarna Bharathi Institute Of Science & Technology (SBIT),Engineering College,Khammam,Khammam,Private Unaided
Sri Raja Rajeshwari Engineering College,Engineering College,Khammam,Khammam,Private Unaided
Bomma Institute of Technology and Science,Engineering College,Allipuram,Khammam,Private Unaided
Khammam Institute of Technology & Sciences (KITS),Engineering College,Khammam,Khammam,Private Unaided
Vazir Sultan Engineering College,Engineering College,Khammam,Khammam,Private Unaided
Mamta Medical College,Medical College,Khammam,Khammam,Private Unaided
Bomma Institute of Informatics,Management College,Allipuram,Khammam,Private Unaided
Manair College of Computer Science,Management College,Khammam,Khammam,Private Unaided
Mother Theresa Pharmacy College,Pharmacy College,Sathupally,Khammam,Private Unaided
Bomma Institute of Pharmacy,Pharmacy College,Allipuram,Khammam,Private Unaided
Bomma II Shift Polytechnic College,Polytechnic College,Allipuram,Khammam,Private Unaided
Govt. Degree College,Government Degree College,Asifabad,Kumuram Bheem Asifabad,Government
Govt. Degree College,Government Degree College,Kagaznagar,Kumuram Bheem Asifabad,Government
A MJPTPBCW Residential Degree College (Women),Residential Degree College (Women),Asifabad,Kumuram Bheem Asifabad,Government TBCW
Sri Chaitanya Degree College,Degree College,Rajampet,Kumuram Bheem Asifabad,Private Unaided
A Matrusri Degree College,Degree College,Asifabad,Kumuram Bheem Asifabad,Private Unaided
Vivekananda Degree College,Degree College,Kagaznagar,Kumuram Bheem Asifabad,Private Unaided
Sai Teja Degree College,Degree College,Borigaon (Kosini, Kaghaznagar),Kumuram Bheem Asifabad,Private Unaided
Vasundhara Degree College,Degree College,Sirpur Kaghaznagar,Kumuram Bheem Asifabad,Private Unaided
Sri Chaitanya Degree College,Degree College,Kowtala,Kumuram Bheem Asifabad,Private Unaided
Bishop Azaraiah Degree College,Degree College,Dornakal,Mahabubabad,Private Unaided
Maharshi Degree & PG College,Degree & PG College,Kesamudram,Mahabubabad,Private Unaided
Sri Aurobindo Degree College,Degree College,Kesamudram,Mahabubabad,Private Unaided
Sree Sree Veerabhadra Swamy Degree College,Degree College,Kuravi,Mahabubabad,Private Unaided
Vignana Bharathi Degree College,Degree College,Mahabubabad,Mahabubabad,Private Unaided
Vikas Degree College,Degree College,Mahabubabad,Mahabubabad,Private Unaided
Nalanda Degree College,Degree College,Mahabubabad,Mahabubabad,Private Unaided
Samaiyya Degree College,Degree College,Mahabubabad,Mahabubabad,Private Unaided
RJRM Degree College,Degree College,Maripeda,Mahabubabad,Private Unaided
Samatha Degree & PG College,Degree & PG College,Thorrur,Mahabubabad,Private Unaided
MJPTPBCW Residential Degree College (Women),Residential Degree College (Women),Mahabubabad,Mahabubabad,Government TBCW
MJPTPBCW Degree College (Men),Residential Degree College (Men),Palakurthi,Mahabubabad,Government TBCW
TTWRDC,Residential Degree College,Mahabubabad,Mahabubabad,Government Tribal Welfare
TTWRDC,Residential Degree College,Maripeda,Mahabubabad,Government Tribal Welfare
Margadarshi College of Education,B.Ed College,Mahabubabad,Mahabubabad,Private Unaided
Govt. Degree College,Government Degree College,Garla,Mahabubabad,Government
Govt. Degree College,Government Degree College,Kesamudram,Mahabubabad,Government
Govt. Degree College,Government Degree College,Maripeda,Mahabubabad,Government
Govt. Degree College,Government Degree College,Thorrur,Mahabubabad,Government
M.V.S. GDC (Autonomous) Mahabubnagar,Government Degree College,Mahabubnagar,Mahabubnagar,Government
Gayathri College of Elementary Teacher Education,Teacher Education (D.El.Ed),Wanaparthy,Mahabubnagar,Private Unaided
GSN College of Elementary Education,Teacher Education (D.El.Ed),Nagarkurnool,Mahabubnagar,Private Unaided
Krishna Institute of Teacher Education,Teacher Education (D.El.Ed),Mahabubnagar,Mahabubnagar,Private Unaided
Lakshmi Nagi Reddy College of Diploma in Elementary Education,Teacher Education (D.El.Ed),Jogulamba,Mahabubnagar,Private Unaided
Manasa College of Elementary Teacher Education,Teacher Education (D.El.Ed),Wanaparthy,Mahabubnagar,Private Unaided
Nagarjuna College of Teacher Education,Teacher Education (D.El.Ed),Wanaparthy,Mahabubnagar,Private Unaided
Nalanda Teacher Training Institution,Teacher Education (D.El.Ed),Mahabubnagar,Mahabubnagar,Private Unaided
Navabharathi College of Elementary Teacher Education,Teacher Education (D.El.Ed),Wanaparthy,Mahabubnagar,Private Unaided
Niveditha College of Elementary Teacher Education,Teacher Education (D.El.Ed),Wanaparthy,Mahabubnagar,Private Unaided
Noor College of Education,Teacher Education (D.El.Ed & B.Ed),Mahabubnagar,Mahabubnagar,Private Unaided
Palamoor Reddy Seva Samithi D.Ed. College,Teacher Education (D.El.Ed),Mahabubnagar,Mahabubnagar,Private Unaided
Pragathi College of Education,Teacher Education (D.El.Ed),Nagarkurnool,Mahabubnagar,Private Unaided
R.G. Reddy Teacher Training Institute,Teacher Education (D.El.Ed),Nagarkurnool,Mahabubnagar,Private Unaided
Sahithi College of Elementary Teacher Education,Teacher Education (D.El.Ed),Nagarkurnool,Mahabubnagar,Private Unaided
Sarvepally Radhakrishna Educational Society,Teacher Education (D.El.Ed),Mahabubnagar,Mahabubnagar,Private Unaided
Sharvani College of Elementary Teacher Education,Teacher Education (D.El.Ed),Wanaparthy,Mahabubnagar,Private Unaided
Srinivasa College of Elementary Education,Teacher Education (D.El.Ed),Jogulamba,Mahabubnagar,Private Unaided
St. Thomas College of Elementary Education,Teacher Education (D.El.Ed),Jogulamba,Mahabubnagar,Private Unaided
Ushodaya Elemntary Teacher Eduation Institution,Teacher Education (D.El.Ed),Wanaparthy,Mahabubnagar,Private Unaided
Venkata Sai Diploma in Elementary Education Institution,Teacher Education (D.El.Ed),Mahabubnagar,Mahabubnagar,Private Unaided
Vishvabharathy College of Elementary Education,Teacher Education (D.El.Ed),Wanaparthy,Mahabubnagar,Private Unaided
Vivekananda College of Elementary Education,Teacher Education (D.El.Ed),Rangareddy,Mahabubnagar,Private Unaided
Govt. Degree College,Government Degree College,Bellampally,Mancherial,Government
Govt. Degree College,Government Degree College,Chennoor,Mancherial,Government
Govt. Degree College,Government Degree College,Luxettipet,Mancherial,Government
Govt. Degree College,Government Degree College,Mancherial,Mancherial,Government
TSWRDCW,Residential Degree College (Women),Mancherial,Mancherial,Government TSWRDC
Vagheshwari Degree College,Degree College,Luxettipet,Mancherial,Private Unaided
Vaishnavi Womens Degree College,Degree College (Women),Luxettipet,Mancherial,Private Unaided
Mukharam Agarwal Memorial Mancherial Vidyaniketan (MVN) Degree,Degree College,Mancherial,Mancherial,Private Unaided
Vivekavardhini Degree College,Degree College,Mancherial,Mancherial,Private Unaided
Nalanda Degree College,Degree College,Mancherial,Mancherial,Private Unaided
Chaitanya Degree College,Degree College,Mancherial,Mancherial,Private Unaided
Ramanujan Institute of Mathematical Science (RIMS) Degree College,Degree College,Mancherial,Mancherial,Private Unaided
Vaagdevi Degree College,Degree College,Mancherial,Mancherial,Private Unaided
Sri Harsha Degree College,Degree College,Mancherial,Mancherial,Private Unaided
Singareni Mahila Degree College,Degree College (Women),Mandamrari,Mancherial,Private Unaided
Shivani Arts & Science Degree College (Co-Education),DEGREE COLLEGE (Women),Mandamrari,Mancherial,Private Unaided
Carmel Degree College,Degree College,Kalyani Khani (Mandhamarri),Mancherial,Private Unaided
C.V. Raman Degree & PG College,Degree & PG College,Mancherial,Mancherial,Private Unaided
Vidya Bharathi Degree College,Degree College,Tandur,Mancherial,Private Unaided
Aruna Bai D.Ed, College,Teacher Education (D.El.Ed),Medak,Medak,Private Unaided
BMR College of Education,Teacher Education (D.El.Ed & B.Ed),Medak,Medak,Private Unaided
Brilliant Minds and Resources D.Ed., College,Teacher Education (D.El.Ed),Medak,Medak,Private Unaided
Deccan College of D.Ed,Teacher Education (D.El.Ed),Medak,Medak,Private Unaided
Ellenki College of Teacher Training Education,Teacher Education (D.El.Ed),Medak,Medak,Private Unaided
Gajwel College of Education,Teacher Education (D.El.Ed & B.Ed),Medak,Medak,Private Unaided
GMR D.Ed College,Teacher Education (D.El.Ed),Medak,Medak,Private Unaided
Islamia Teacher Training,Teacher Education (D.El.Ed),Medak,Medak,Private Unaided
K. Narayana Memorial College of Education,Teacher Education (D.El.Ed),Medak,Medak,Private Unaided
Kingston Institute of Elementary Teacher Education,Teacher Education (D.El.Ed),Medak,Medak,Private Unaided
MNR Elementary Teacher Education College,Teacher Education (D.El.Ed),Medak,Medak,Private Unaided
Noble D.Ed College,Teacher Education (D.El.Ed),Medak,Medak,Private Unaided
Sri Kethaki Sangameshwara D.Ed College,Teacher Education (D.El.Ed),Medak,Medak,Private Unaided
St. Mary's D.Ed College,Teacher Education (D.El.Ed),Medak,Medak,Private Unaided
ACE Engineering College,Engineering College,Ankushapur (Ghatkesar),Medchal Malkajgiri,Private Unaided
Anurag College of Engineering,Engineering College,Aushapur (Ghatkesar),Medchal Malkajgiri,Private Unaided
CMR College of Engineering and Technology,Engineering College,Kandlakoya,Medchal Malkajgiri,Private Unaided
CMR Engineering College,Engineering College,Kandlakoya,Medchal Malkajgiri,Private Unaided
CMR Institute of Technology,Engineering College,Kandlakoya,Medchal Malkajgiri,Private Unaided
CMR Technical Campus,Engineering College,Kandlakoya,Medchal Malkajgiri,Private Unaided
Geethanjali College of Engineering & Technology,Engineering College,Cheeryal (Keesara),Medchal Malkajgiri,Private Unaided
Gokaraju Rangaraju Institute of Engineering & Technology (GRIET),Engineering College,Bachupally (Qutubullapur),Medchal Malkajgiri,Private Unaided
Malla Reddy College of Engineering,Engineering College,Maisammaguda (Kompally),Medchal Malkajgiri,Private Unaided
Malla Reddy College of Engineering for Women,Engineering College (Women),Maisammaguda (Gundlapochampally),Medchal Malkajgiri,Private Unaided
Malla Reddy Engineering College and Management Sciences,Engineering College,Kistapur (Medchal),Medchal Malkajgiri,Private Unaided
Malla Reddy Institute of Engineering & Technology,Engineering College,Maisammaguda (Kompally),Medchal Malkajgiri,Private Unaided
Malla Reddy Institute of Pharmaceutical Sciences,Pharmacy College,Maisammaguda (Kompally),Medchal Malkajgiri,Private Unaided
Malla Reddy Institute of Technology,Engineering College,Maisammaguda (Kompally),Medchal Malkajgiri,Private Unaided
Malla Reddy Institute of Technology & Science,Engineering College,Maisammaguda (Kompally),Medchal Malkajgiri,Private Unaided
Malla Reddy Pharmacy College,Pharmacy College,Maisammaguda (Kompally),Medchal Malkajgiri,Private Unaided
Marri Laxman Reddy Institute of Pharmacy,Pharmacy College,Dundigal (Quthbullahpur),Medchal Malkajgiri,Private Unaided
Megha Institute of Engineering & Technology for Women,Engineering College (Women),Edulabad (Ghatkesar),Medchal Malkajgiri,Private Unaided
Sreenidhi Institute of Science & Technology,Engineering College,Yamnampet (Ghatkesar),Medchal Malkajgiri,Private Unaided
St. Martin's Engineering College,Engineering College,Dhulapally (Dundigal-Gandimaisamma),Medchal Malkajgiri,Private Unaided
St. Peter's Engineering College,Engineering College,Maisammaguda (Dhulapally),Medchal Malkajgiri,Private Unaided
Vignana Bharathi Institute of Technology (VBIT),Engineering College,Aushapur (Ghatkesar),Medchal Malkajgiri,Private Unaided
VNR Vignana Jyothi Institute of Engineering & Technology,Engineering College,Bachupally (Nizampet),Medchal Malkajgiri,Private Unaided
Government Degree College,Government Degree College,Mulugu,Mulugu,Government
Maharshi Degree College,Degree College,Mulugu,Mulugu,Private Unaided
Nalanda Degree College,Degree College,Mulugu,Mulugu,Private Unaided
Gayatri Degree College,Degree College,Pasra (Govindaraopet),Mulugu,Private Unaided
Government Degree College,Government Degree College,Nagarkurnool,Nagarkurnool,Government
Government Degree College,Government Degree College,Thimmajipet,Nagarkurnool,Government
Government Degree College,Government Degree College,Kollapur,Nagarkurnool,Government
Government Degree College,Government Degree College,Achampet,Nagarkurnool,Government
Government Degree College,Government Degree College,Kalwakurthy,Nagarkurnool,Government
Nagarjuna Government Degree College (Autonomous),Government Degree College,Nalgonda,Nalgonda,Government
Government Degree College,Government Degree College,Devarakonda,Nalgonda,Government
Government Degree College,Government Degree College,Choutuppal,Nalgonda,Government
Government Degree College,Government Degree College,Ramannapet,Nalgonda,Government
Government DIET,Teacher Education (D.El.Ed),Nalgonda,Nalgonda,Government
Gautam Junior College (Girls),Junior College,Nalgonda,Nalgonda,Government
Telangana Residential Junior College,Junior College,Nalgonda,Nalgonda,Government
Government Degree College,Government Degree College,Narayanpet,Narayanpet,Government
Government Degree College,Government Degree College,Kodangal,Narayanpet,Private Aided
Government Degree College,Government Degree College,Makthal,Narayanpet,Government
Govt. Degree College,Government Degree College,Nirmal,Nirmal,Government
Govt. Degree College,Government Degree College,Bhainsa,Nirmal,Government
Govt. Degree College,Government Degree College,Khanapur,Nirmal,Government
Girraj Government Degree College (Autonomous),Government Degree College,Nizamabad,Nizamabad,Government
Govt. Degree College,Government Degree College,Bodhan,Nizamabad,Government
Govt. Degree College,Government Degree College,Yellareddy,Nizamabad,Government
Government DIET,Teacher Education (D.El.Ed),Nizamabad,Nizamabad,Government
Gnanodaya Degree College,Degree College,Nizamabad,Nizamabad,Private Unaided
Nishitha Degree College,Degree College,Nizamabad,Nizamabad,Private Unaided
Government Degree College,Government Degree College,Peddapalli,Peddapalli,Government
Government Degree College,Government Degree College,Manthani,Peddapalli,Government
Government Degree College,Government Degree College,Ramagundam,Peddapalli,Government
Sri Chaitanya Junior College,Junior College,Peddapalli,Peddapalli,Private Unaided
Pragathi Junior College,Junior College,Kalvacherla,Peddapalli,Private Unaided
Pranavi Junior College,Junior College,Manthani,Peddapalli,Private Unaided
Chaitanya Junior College,Junior College,Manthani,Peddapalli,Private Unaided
Sri Vani Junior College,Junior College,Dharmaram,Peddapalli,Private Unaided
Sadana Junior College,Junior College,Dharmaram,Peddapalli,Private Unaided
Jawaharlal Nehru Junior College,Junior College,Julapally,Peddapalli,Private Unaided
Sri Chaitanya Junior College,Junior College,Julapally,Peddapalli,Private Unaided
Trinity Junior College,Junior College,Peddapalli,Peddapalli,Private Unaided
Chanakya Junior College (Incentive),Junior College,Pothakapally,Peddapalli,Private Unaided
Government Degree College,Government Degree College,Agraharam (Sircilla),Rajanna Sircilla,Government
Government Degree College,Government Degree College,Nerella (Gambhirraopet),Rajanna Sircilla,Government
Agricultural College,Agricultural College,Sirsilla,Rajanna Sircilla,Government
Government Medical College,Medical College,Rajanna Sircilla,Rajanna Sircilla,Government
Government College of Nursing,Nursing College,Rajanna Sircilla,Rajanna Sircilla,Government
JNTUH University College of Engineering Rajanna Sircilla,University Engineering College,Rajanna Sircilla,Rajanna Sircilla,Government
Telangana Social Welfare Residential Degree College for Women,Residential Degree College (Women),Sircilla,Rajanna Sircilla,Government Social Welfare
Telangana Tribal Welfare Residential Degree College for Women,Residential Degree College (Women),Sircilla,Rajanna Sircilla,Government Tribal Welfare
Mahatma Jyotiba Phule Telangana Backward Classes Welfare Residential Degree College for Men,Residential Degree College (Men),Yellareddypet,Rajanna Sircilla,Government TBCW
Ayyappa Degree College,Degree College,Sircilla,Rajanna Sircilla,Private Unaided
Sri Vivekananda Degree College,Degree College,Rajanna Sircilla,Rajanna Sircilla,Private Unaided
Jawaharlal Nehru College of Education,B.Ed College,Mallaram Road (Vemulawada),Rajanna Sircilla,Private Unaided
S A P Arts & Science College,Degree College,Vikarabad,Rangareddy,Private Aided
Dr Br Ambedkar (Voc) Jr College,Junior College (Vocational),Vikarabad,Rangareddy,Private Unaided
Govt Jr College,Junior College,Tandur,Rangareddy,Government
Dr B R Ambedkar Voc Jr College,Junior College (Vocational),Tandur,Rangareddy,Private Unaided
Govt Jr College,Junior College,Medchal,Rangareddy,Government
Govt Jr College,Junior College,Chevella,Rangareddy,Government
Samata (Voc) Jr College,Junior College (Vocational),Moinabad,Rangareddy,Private Unaided
Govt Junior College,Junior College,Pargi,Rangareddy,Government
P J (Voc) Jr College,Junior College (Vocational),Parigi,Rangareddy,Private Unaided
Sri Sai (Voc) Jr College,Junior College (Vocational),Parigi,Rangareddy,Private Unaided
Govt Junior College,Junior College,Marpalli,Rangareddy,Government
Govt Junior College,Junior College,Shamshabad,Rangareddy,Government
Ramaiah (Voc) Jr College,Junior College (Vocational),Shamshabad,Rangareddy,Private Unaided
Govt Junior College,Junior College,Rajendra Nagar,Rangareddy,Government
Megacity Voc Jr College,Junior College (Vocational),Kalapathar,Rangareddy,Private Unaided
A P S W Res Jr College For Boys,Residential Junior College (Boys),Chilkoor,Rangareddy,Government
A P S W R Jr College (Girls),Residential Junior College (Girls),Gowliddodi (Serilingampally),Rangareddy,Government
Zenith (Voc) Jr College,Junior College (Vocational),Attapur (Rajendra Nagar),Rangareddy,Private Unaided
A P S W R Voc Jr College For Girls,Residential Junior College (Vocational Girls),Narsingi,Rangareddy,Government
Holy Fatima (Voc) Jr College (Girls),Junior College (Vocational Girls),Bandlaguda (Rajendarnagar),Rangareddy,Private Unaided
St Ann'S Jr College For Girls,Junior College (Girls),Bolaram (Secunderabad),Rangareddy,Private Unaided
Leo Voc Jr College,Junior College (Vocational),Shameerpet,Rangareddy,Private Unaided
A P S W R Jr College (Girls),Residential Junior College (Girls),Bachiguda (Rangareddy),Rangareddy,Government
Sri Saraswathi Degree College,Degree College,Rangareddy,Rangareddy,Private Unaided
A P Government Institute of Leather Technology,Polytechnic College,Hussain Shawali Darga (Golconda),Rangareddy,Government
Annamacharya Institute of Technology & Sciences,Engineering College,Piglipe (Hayathnagar),Rangareddy,Private Unaided
Arjun College of Technology and Science,Engineering College,Batasingaram (Hayathnagar),Rangareddy,Private Unaided
Avanthi Scientific Technological & Research Academy,Engineering College,Gunthapally (Hayathnagar),Rangareddy,Private Unaided
Bandari Srinivas Institute of Technology,Engineering College,Gollapally (Chevella),Rangareddy,Private Unaided
Brilliant Grammar School Educational Society Group of Institutions,Engineering College,Abdullapur (Hayathnagar),Rangareddy,Private Unaided
Brilliant Institute of Engineering & Technology,Engineering College,Abdullapur (Hayathnagar),Rangareddy,Private Unaided
Government Polytechnic For Women (Minorities),Polytechnic College (Women),L B Nagar,Rangareddy,Government
Government Polytechnic Maheshwaram,Polytechnic College,Maheshwaram,Rangareddy,Government
Government Polytechnic,Polytechnic College,Vikarabad,Rangareddy,Government
Holy Mary Institute of Technology & Science,Engineering College,Bogaram (Keesara),Rangareddy,Private Unaided
Kasireddy Narayan Reddy College of Engineering & Research,Engineering College,Abdullapur (Hayathnagar),Rangareddy,Private Unaided
Megha Institute of Engineering and Technology For Women,Engineering College (Women),Edulabad (Ghatkesar),Rangareddy,Private Unaided
Omega Business School,Management College,Edulabad (Ghatkesar),Rangareddy,Private Unaided
Princeton Institute of Engineering & Technology For Women,Engineering College (Women),Chowdaryguda (Ghatkesar),Rangareddy,Private Unaided
Sagar Group of Institutions,Engineering College,Chevella,Rangareddy,Private Unaided
Samskruti College of Engineering and Technology,Engineering College,Kondapur (Ghatkesar),Rangareddy,Private Unaided
Siddhartha Institute of Technology and Sciences,Engineering College,Narapally (Ghatkesar),Rangareddy,Private Unaided
Sree Dattha Institute of Engineering and Science,Engineering College,Sheriguda (Ibrahimpatnam),Rangareddy,Private Unaided
Sri Chaitanya Technical Campus,Engineering College,Sheriguda (Ibrahimpatnam),Rangareddy,Private Unaided
St Mary's Engineering College,Engineering College,Deshmukhi (Pochampally),Rangareddy,Private Unaided
Teegala Krishna Reddy Engineering College,Engineering College,Medbowli (Meerpet),Rangareddy,Private Unaided
Tkr College of Engineering & Technology,Engineering College,Medbowli (Meerpet),Rangareddy,Private Unaided
National Academy of Agricultural Research Management,Specialized College,Rajendranagar,Rangareddy,Government
National Institute of Agricultural Extension Management,Specialized College,Rajendranagar,Rangareddy,Government
National Institute of Rural Development and Panchayati Raj,Specialized College,Rajendranagar,Rangareddy,Government
Ellenki College of Engineering and Technology,Engineering College,Sangareddy,Sangareddy,Private Unaided
Ellenki Institute of Engineering and Technology,Engineering College,Sangareddy,Sangareddy,Private Unaided
MNR College of Engineering and Technology,Engineering College,Sangareddy,Sangareddy,Private Unaided
RRS College Of Engineering and Technology,Engineering College,Sangareddy,Sangareddy,Private Unaided
TRR College of Engineering,Engineering College,Sangareddy,Sangareddy,Private Unaided
MNR College of Pharmacy,Pharmacy College,Sangareddy,Sangareddy,Private Unaided
BV Raju Institute of Technology (BVRIT),Engineering College,Narsapur,Sangareddy,Private Unaided
Govt. Degree College,Government Degree College,Zahirabad,Sangareddy,Government
Government Medical College,Medical College,Sangareddy,Sangareddy,Government
Adarsha Degree College,Degree College,Siddipet,Siddipet,Private Unaided
Sri Venkateshwara Degree College,Degree College,Gajwel,Siddipet,Private Unaided
Nagarjuna Degree and P.G. College,Degree & PG College,Mutrajpally Road,Siddipet,Private Unaided
Government Degree College,Government Degree College,Siddipet,Siddipet,Government
Government Polytechnic,Polytechnic College,Siddipet,Siddipet,Government
Sri Venkateshwara Degree College,Degree College,Reddygudem (Alair),Yadadri Bhuvanagiri,Private Unaided
SLNS Degree College,Degree College,Yadagirigutta,Yadadri Bhuvanagiri,Private Unaided
Immanuel Business School,Management College,Yadadri Bhongir,Yadadri Bhuvanagiri,Private Unaided
Government Degree College,Government Degree College,Ramannapet,Yadadri Bhuvanagiri,Government
Sri Saraswathi Degree College,Degree College,Suryapet,Suryapet,Private Unaided
Government Polytechnic For Women,Polytechnic College (Women),Tallagadda (Suryapet),Suryapet,Government
Srujana College of Diploma In Engineering & Technology,Polytechnic College,Durajpally (Chivemla),Suryapet,Private Unaided
Government Degree College,Government Degree College,Vikarabad,Vikarabad,Government
Peoples College,Degree College,Tandur,Vikarabad,Private Unaided
Pallavi Degree College,Degree College,Pargi,Vikarabad,Private Unaided
College of Fishery Science,Specialized College,Pebbair,Wanaparthy,Government
College of Horticulture,Specialized College,Mojerla,Wanaparthy,Government (SKLTSHU)
Government Medical College,Medical College,Wanaparthy,Wanaparthy,Government
JNTUH University College of Engineering,University Engineering College,Wanaparthy,Wanaparthy,Government
MJPTBCWR B.Sc (Hons.) College for Women,Residential Degree College (Women),Wanaparthy,Wanaparthy,Government TBCW
Government Degree College,Government Degree College,Wanaparthy,Wanaparthy,Government
Government Degree College,Government Degree College,Kothakota,Wanaparthy,Government
Government Degree College,Government Degree College,Atmakur,Wanaparthy,Government
AVV Degree College,Degree College,SVN Road (Warangal),Warangal,Private Unaided
Ekashila Degree College,Degree College,Jangaon,Warangal,Private Unaided
Vignana Bharathi Degree College,Degree College,Mahabubabad,Warangal,Private Unaided
Dr. M.R. Reddy Degree College,Degree College,Parkal,Warangal,Private Unaided
Aurora College,Degree College,Vidyaranyapuri (Hanamakonda),Warangal,Private Unaided
Sai Ram College,Degree College,Thorrur,Warangal,Private Unaided
Samatha Degree College,Degree College,Thorrur,Warangal,Private Unaided
Mahaboobia Paunjetan College,Degree College,Narasampet Road (Warangal),Warangal,Private Unaided
Thushara Degree College,Degree College,Subedari (Hanamakonda),Warangal,Private Unaided
Sri Gayatri Degree College,Degree College,Ramnagar (Hanamakonda),Warangal,Private Unaided
Bharathi Degree College,Degree College,Kothawada (Warangal),Warangal,Private Unaided
Vasavi Degree College,Degree College,Mahabubabad,Warangal,Private Unaided
Sri Chaitanya Degree College,Degree College,Chariyal,Warangal,Private Unaided
Siddhartha Degree College,Degree College,Chennaraopet,Warangal,Private Unaided
Sri Chaitanya Degree College,Degree College,Narsampet,Warangal,Private Unaided
S.V. Degree College,Degree College,Parkal,Warangal,Private Unaided
Government Degree College,Government Degree College,Narsampet,Warangal,Government
Government Degree College,Government Degree College,Warangal,Warangal,Government
JNTUH College of Engineering Warangal,University Engineering College,Warangal,Warangal,Government (INI)
Pingle Government College for Women (Autonomous),Government Degree College (Women),Waddepally (Warangal),Warangal,Government
